-- MySQL dump 10.13  Distrib 8.0.40, for macos14 (arm64)
--
-- Host: 127.0.0.1    Database: happines_world
-- ------------------------------------------------------
-- Server version	8.0.40

/*!40101 SET @OLD_CHARACTER_SET_CLIENT=@@CHARACTER_SET_CLIENT */;
/*!40101 SET @OLD_CHARACTER_SET_RESULTS=@@CHARACTER_SET_RESULTS */;
/*!40101 SET @OLD_COLLATION_CONNECTION=@@COLLATION_CONNECTION */;
/*!50503 SET NAMES utf8 */;
/*!40103 SET @OLD_TIME_ZONE=@@TIME_ZONE */;
/*!40103 SET TIME_ZONE='+00:00' */;
/*!40014 SET @OLD_UNIQUE_CHECKS=@@UNIQUE_CHECKS, UNIQUE_CHECKS=0 */;
/*!40014 SET @OLD_FOREIGN_KEY_CHECKS=@@FOREIGN_KEY_CHECKS, FOREIGN_KEY_CHECKS=0 */;
/*!40101 SET @OLD_SQL_MODE=@@SQL_MODE, SQL_MODE='NO_AUTO_VALUE_ON_ZERO' */;
/*!40111 SET @OLD_SQL_NOTES=@@SQL_NOTES, SQL_NOTES=0 */;

--
-- Table structure for table `combined_data`
--

DROP TABLE IF EXISTS `combined_data`;
/*!40101 SET @saved_cs_client     = @@character_set_client */;
/*!50503 SET character_set_client = utf8mb4 */;
CREATE TABLE `combined_data` (
  `country` text,
  `ranking` int DEFAULT NULL,
  `score` double DEFAULT NULL,
  `Life_Expectance_at_Birth` double NOT NULL,
  `gdp_per_capita_ppp` double DEFAULT NULL,
  `hf_score` double DEFAULT NULL,
  `hf_rank` int DEFAULT NULL
) ENGINE=InnoDB DEFAULT CHARSET=utf8mb4 COLLATE=utf8mb4_0900_ai_ci;
/*!40101 SET character_set_client = @saved_cs_client */;

--
-- Dumping data for table `combined_data`
--

LOCK TABLES `combined_data` WRITE;
/*!40000 ALTER TABLE `combined_data` DISABLE KEYS */;
INSERT INTO `combined_data` VALUES ('Albania',107,4.72,78,13653.25,8.14,43),('Algeria',88,5.21,77.1,11627.28,5.26,154),('Argentina',47,6.09,76.6,22071.75,7.38,74),('Armenia',116,4.56,76,14317.55,8.2,40),('Australia',11,7.23,83,49420.94,8.84,8),('Austria',10,7.25,81.6,55769.68,8.67,21),('Azerbaijan',90,5.21,71.4,14442.04,6.16,127),('Bahrain',37,6.2,75.8,49768.98,5.73,143),('Bangladesh',125,4.46,74.3,5467.21,5.75,142),('Belarus',81,5.32,74.8,19288.04,6.73,109),('Belgium',18,6.92,81.4,51977.17,8.61,23),('Benin',102,4.88,63.4,3156.44,7.32,76),('Bhutan',95,5.08,73.1,12530.17,6.86,98),('Bosnia and Herzegovina',78,5.39,76.8,14851.74,7.54,67),('Botswana',148,3.49,62.2,15117.68,7.9,53),('Brazil',32,6.3,75.9,14685.13,7.22,78),('Bulgaria',97,5.01,75.1,23254.79,8.08,45),('Burkina Faso',115,4.59,62.7,2106.04,6.85,100),('Burundi',145,3.78,63.8,729.66,5.02,157),('Cambodia',109,4.7,70.1,4464.29,6.47,115),('Cameroon',96,5.04,62.4,3756.51,5.63,145),('Canada',9,7.28,82.2,49169.12,8.85,6),('Central African Republic',155,3.08,53.1,861.77,5.62,147),('Chad',132,4.35,59.6,1562,5.57,150),('Chile',26,6.44,80.7,24809.86,8.44,28),('China',93,5.19,77.4,15977.76,5.57,150),('Colombia',43,6.12,79.3,14616.14,7.01,89),('Comoros',142,3.97,67.4,3290.65,6.07,130),('Costa Rica',12,7.17,80.8,20818.06,8.25,37),('Croatia',75,5.43,78.6,29412.42,8.16,42),('Cyprus',49,6.05,83.1,41741.8,8.42,29),('Denmark',2,7.6,81.3,56813.96,8.98,3),('Dominican Republic',77,5.42,72.8,18171.06,7.88,54),('Ecuador',50,6.03,78.4,11390.22,7.43,72),('El Salvador',35,6.25,75,9015.66,7.39,73),('Estonia',55,5.89,78.9,36153.43,8.91,4),('Ethiopia',134,4.29,68.7,2181.66,5.95,132),('Finland',1,7.77,81.6,48583.43,8.85,6),('France',24,6.59,82.5,45922.79,8.34,34),('Gabon',104,4.8,66.5,14478,6.8,104),('Georgia',119,4.52,73.3,14989.26,8.2,40),('Germany',17,6.98,81.7,53884.38,8.73,15),('Ghana',98,5,66.3,5345.94,7.49,70),('Greece',82,5.29,81.1,29720.17,7.86,56),('Guatemala',27,6.44,72,8673,7.63,65),('Guinea',118,4.53,61,2545.14,5.82,138),('Haiti',147,3.6,64.1,3112.3,7.21,80),('Honduras',59,5.86,71.9,5613.66,7.09,86),('Hungary',62,5.76,76.4,32645.66,7.73,59),('Iceland',4,7.49,82.3,56615.3,8.77,12),('India',140,4.01,70.8,6617.13,6.39,119),('Indonesia',92,5.19,71.3,11857.79,7.1,85),('Iraq',126,4.44,72.4,10299.32,5.02,157),('Ireland',16,7.02,81.8,86984.98,8.9,5),('Israel',13,7.14,82.6,41151.01,7.66,62),('Italy',36,6.22,83,42739.05,8.49,26),('Jamaica',56,5.89,76,10244.37,7.91,52),('Japan',58,5.89,84.3,41654.33,8.73,15),('Jordan',101,4.91,77.9,9534.66,6.91,94),('Kazakhstan',60,5.81,74,26351.8,6.77,106),('Kenya',121,4.51,66.1,4601.21,6.73,109),('Kuwait',51,6.02,81,47314.8,6.34,121),('Latvia',53,5.94,75.4,30438.45,8.67,21),('Lebanon',91,5.2,76.4,17185.05,6.76,108),('Lesotho',144,3.8,50.7,2435.29,7.01,89),('Liberia',141,3.98,64.1,1455.64,6.81,103),('Libya',72,5.52,75.8,22535.44,5.05,156),('Lithuania',42,6.15,76,37198.88,8.68,19),('Luxembourg',14,7.09,82.4,115209.6,8.8,10),('Madagascar',143,3.93,65.3,1585.47,7.02,88),('Malawi',150,3.41,65.6,1517.7,6.99,91),('Malaysia',80,5.34,74.7,27674.4,7.17,82),('Mali',128,4.39,62.8,2219.05,6.25,124),('Malta',22,6.73,81.9,46438.66,8.45,27),('Mauritania',122,4.49,68.4,5392.93,5.73,143),('Mauritius',57,5.89,74.1,23676.41,8.07,46),('Mexico',23,6.6,76,20553.96,6.92,93),('Mongolia',83,5.28,68.1,12458.02,8,47),('Montenegro',73,5.52,75.9,21534.09,7.88,54),('Morocco',89,5.21,73,8217.6,5.9,134),('Mozambique',123,4.47,58.1,1290.17,6.8,104),('Myanmar',131,4.36,69.1,5214.37,5.78,141),('Namibia',113,4.64,64.6,10009.58,7.56,66),('Nepal',100,4.91,70.9,3922.08,7.12,84),('New Zealand',8,7.31,82,43272.57,9.01,2),('Nicaragua',45,6.1,75,5398.11,6.24,125),('Niger',114,4.63,63.3,1217.44,6.41,118),('Nigeria',85,5.26,62.6,5076.37,6.28,123),('North Macedonia',84,5.27,74.8,16773.14,7.75,58),('Norway',3,7.55,82.6,64983.36,8.76,13),('Pakistan',67,5.65,65.6,5157.55,5.63,145),('Panama',31,6.32,79.3,32788.33,8.12,44),('Paraguay',63,5.74,75.8,13609.72,7.54,67),('Peru',65,5.7,79.9,12735.17,7.93,50),('Philippines',69,5.63,70.4,8731.86,6.83,101),('Poland',40,6.18,78.3,33159.75,7.96,49),('Portugal',66,5.69,81.6,34945.66,8.69,18),('Qatar',29,6.37,77.2,90762.4,6.15,128),('Romania',48,6.07,75.6,30001.1,8.33,35),('Rwanda',152,3.33,69.1,2190.56,6.36,120),('Saudi Arabia',28,6.38,74.3,47024.54,5.12,155),('Senegal',111,4.68,68.6,3430.48,7.07,87),('Serbia',70,5.6,75.9,18306.9,7.54,67),('Sierra Leone',129,4.37,60.8,1655.84,6.7,111),('Singapore',34,6.26,83.2,98455.33,7.98,48),('Slovenia',44,6.12,81.3,39061.25,8.37,32),('Somalia',112,4.67,56.5,1546.91,4.93,159),('South Africa',106,4.72,65.3,13850.9,7.3,77),('Spain',30,6.35,83.2,40782.23,8.56,25),('Sri Lanka',130,4.37,76.9,13639.02,6.58,112),('Sweden',7,7.34,82.4,52850.57,8.83,9),('Switzerland',6,7.48,83.4,69923.93,9.11,1),('Tajikistan',74,5.47,69.5,3575.28,5.52,153),('Thailand',52,6.01,77.7,17997.13,6.89,96),('Togo',139,4.08,64.3,2063.76,6.5,113),('Tunisia',124,4.46,77,11113.8,6.46,116),('Uganda',136,4.19,66.7,2250.02,6.32,122),('Ukraine',133,4.33,73,12804.96,6.86,98),('United Arab Emirates',21,6.82,76.1,71782.16,6.06,131),('Uruguay',33,6.29,77.1,23552.84,8.36,33),('Zambia',138,4.11,62.5,3372.36,6.82,102),('Zimbabwe',146,3.66,60.7,2203.4,5.6,149);
/*!40000 ALTER TABLE `combined_data` ENABLE KEYS */;
UNLOCK TABLES;

--
-- Table structure for table `freedom_index`
--

DROP TABLE IF EXISTS `freedom_index`;
/*!40101 SET @saved_cs_client     = @@character_set_client */;
/*!50503 SET character_set_client = utf8mb4 */;
CREATE TABLE `freedom_index` (
  `year` int DEFAULT NULL,
  `countries` text,
  `ISO` text,
  `region` text,
  `hf_score` double DEFAULT NULL,
  `hf_rank` int DEFAULT NULL
) ENGINE=InnoDB DEFAULT CHARSET=utf8mb4 COLLATE=utf8mb4_0900_ai_ci;
/*!40101 SET character_set_client = @saved_cs_client */;

--
-- Dumping data for table `freedom_index`
--

LOCK TABLES `freedom_index` WRITE;
/*!40000 ALTER TABLE `freedom_index` DISABLE KEYS */;
INSERT INTO `freedom_index` VALUES (2019,'Albania','ALB','Eastern Europe',8.14,43),(2019,'Algeria','DZA','Middle East & North Africa',5.26,154),(2019,'Angola','AGO','Sub-Saharan Africa',6.09,129),(2019,'Argentina','ARG','Latin America & the Caribbean',7.38,74),(2019,'Armenia','ARM','Caucasus & Central Asia',8.2,40),(2019,'Australia','AUS','Oceania',8.84,8),(2019,'Austria','AUT','Western Europe',8.67,21),(2019,'Azerbaijan','AZE','Caucasus & Central Asia',6.16,127),(2019,'Bahamas, The','BHS','Latin America & the Caribbean',8.22,38),(2019,'Bahrain','BHR','Middle East & North Africa',5.73,143),(2019,'Bangladesh','BGD','South Asia',5.75,142),(2019,'Barbados','BRB','Latin America & the Caribbean',7.92,51),(2019,'Belarus','BLR','Eastern Europe',6.73,109),(2019,'Belgium','BEL','Western Europe',8.61,23),(2019,'Belize','BLZ','Latin America & the Caribbean',7.64,63),(2019,'Benin','BEN','Sub-Saharan Africa',7.32,76),(2019,'Bhutan','BTN','South Asia',6.86,98),(2019,'Bolivia','BOL','Latin America & the Caribbean',6.94,92),(2019,'Bosnia and Herzegovina','BIH','Eastern Europe',7.54,67),(2019,'Botswana','BWA','Sub-Saharan Africa',7.9,53),(2019,'Brazil','BRA','Latin America & the Caribbean',7.22,78),(2019,'Brunei Darussalam','BRN','South Asia',6.46,116),(2019,'Bulgaria','BGR','Eastern Europe',8.08,45),(2019,'Burkina Faso','BFA','Sub-Saharan Africa',6.85,100),(2019,'Burundi','BDI','Sub-Saharan Africa',5.02,157),(2019,'Cabo Verde','CPV','Sub-Saharan Africa',8.26,36),(2019,'Cambodia','KHM','South Asia',6.47,115),(2019,'Cameroon','CMR','Sub-Saharan Africa',5.63,145),(2019,'Canada','CAN','North America',8.85,6),(2019,'Central African Republic','CAF','Sub-Saharan Africa',5.62,147),(2019,'Chad','TCD','Sub-Saharan Africa',5.57,150),(2019,'Chile','CHL','Latin America & the Caribbean',8.44,28),(2019,'China','CHN','East Asia',5.57,150),(2019,'Colombia','COL','Latin America & the Caribbean',7.01,89),(2019,'Comoros','COM','Sub-Saharan Africa',6.07,130),(2019,'Congo, Dem. Rep.','COD','Sub-Saharan Africa',5.62,147),(2019,'Congo, Rep.','COG','Sub-Saharan Africa',5.55,152),(2019,'Costa Rica','CRI','Latin America & the Caribbean',8.25,37),(2019,'Cote d\'Ivoire','CIV','Sub-Saharan Africa',6.9,95),(2019,'Croatia','HRV','Eastern Europe',8.16,42),(2019,'Cyprus','CYP','Eastern Europe',8.42,29),(2019,'Czech Republic','CZE','Eastern Europe',8.61,23),(2019,'Denmark','DNK','Western Europe',8.98,3),(2019,'Djibouti','DJI','Sub-Saharan Africa',5.84,137),(2019,'Dominican Republic','DOM','Latin America & the Caribbean',7.88,54),(2019,'Ecuador','ECU','Latin America & the Caribbean',7.43,72),(2019,'Egypt, Arab Rep.','EGY','Middle East & North Africa',4.49,161),(2019,'El Salvador','SLV','Latin America & the Caribbean',7.39,73),(2019,'Estonia','EST','Eastern Europe',8.91,4),(2019,'Eswatini','SWZ','Sub-Saharan Africa',5.79,139),(2019,'Ethiopia','ETH','Sub-Saharan Africa',5.95,132),(2019,'Fiji','FJI','Oceania',7.36,75),(2019,'Finland','FIN','Western Europe',8.85,6),(2019,'France','FRA','Western Europe',8.34,34),(2019,'Gabon','GAB','Sub-Saharan Africa',6.8,104),(2019,'Gambia, The','GMB','Sub-Saharan Africa',6.88,97),(2019,'Georgia','GEO','Caucasus & Central Asia',8.2,40),(2019,'Germany','DEU','Western Europe',8.73,15),(2019,'Ghana','GHA','Sub-Saharan Africa',7.49,70),(2019,'Greece','GRC','Eastern Europe',7.86,56),(2019,'Guatemala','GTM','Latin America & the Caribbean',7.63,65),(2019,'Guinea','GIN','Sub-Saharan Africa',5.82,138),(2019,'Guinea-Bissau','GNB','Sub-Saharan Africa',6.77,106),(2019,'Guyana','GUY','Latin America & the Caribbean',7.49,70),(2019,'Haiti','HTI','Latin America & the Caribbean',7.21,80),(2019,'Honduras','HND','Latin America & the Caribbean',7.09,86),(2019,'Hong Kong SAR, China','HKG','East Asia',8.41,30),(2019,'Hungary','HUN','Eastern Europe',7.73,59),(2019,'Iceland','ISL','Western Europe',8.77,12),(2019,'India','IND','South Asia',6.39,119),(2019,'Indonesia','IDN','South Asia',7.1,85),(2019,'Iran','IRN','Middle East & North Africa',4.53,160),(2019,'Iraq','IRQ','Middle East & North Africa',5.02,157),(2019,'Ireland','IRL','Western Europe',8.9,5),(2019,'Israel','ISR','Middle East & North Africa',7.66,62),(2019,'Italy','ITA','Western Europe',8.49,26),(2019,'Jamaica','JAM','Latin America & the Caribbean',7.91,52),(2019,'Japan','JPN','East Asia',8.73,15),(2019,'Jordan','JOR','Middle East & North Africa',6.91,94),(2019,'Kazakhstan','KAZ','Caucasus & Central Asia',6.77,106),(2019,'Kenya','KEN','Sub-Saharan Africa',6.73,109),(2019,'Korea, Rep.','KOR','East Asia',8.39,31),(2019,'Kuwait','KWT','Middle East & North Africa',6.34,121),(2019,'Kyrgyz Republic','KGZ','Caucasus & Central Asia',7.18,81),(2019,'Lao PDR','LAO','South Asia',5.85,136),(2019,'Latvia','LVA','Eastern Europe',8.67,21),(2019,'Lebanon','LBN','Middle East & North Africa',6.76,108),(2019,'Lesotho','LSO','Sub-Saharan Africa',7.01,89),(2019,'Liberia','LBR','Sub-Saharan Africa',6.81,103),(2019,'Libya','LBY','Middle East & North Africa',5.05,156),(2019,'Lithuania','LTU','Eastern Europe',8.68,19),(2019,'Luxembourg','LUX','Western Europe',8.8,10),(2019,'Madagascar','MDG','Sub-Saharan Africa',7.02,88),(2019,'Malawi','MWI','Sub-Saharan Africa',6.99,91),(2019,'Malaysia','MYS','South Asia',7.17,82),(2019,'Mali','MLI','Sub-Saharan Africa',6.25,124),(2019,'Malta','MLT','Western Europe',8.45,27),(2019,'Mauritania','MRT','Sub-Saharan Africa',5.73,143),(2019,'Mauritius','MUS','Sub-Saharan Africa',8.07,46),(2019,'Mexico','MEX','Latin America & the Caribbean',6.92,93),(2019,'Moldova','MDA','Eastern Europe',7.68,61),(2019,'Mongolia','MNG','East Asia',8,47),(2019,'Montenegro','MNE','Eastern Europe',7.88,54),(2019,'Morocco','MAR','Middle East & North Africa',5.9,134),(2019,'Mozambique','MOZ','Sub-Saharan Africa',6.8,104),(2019,'Myanmar','MMR','South Asia',5.78,141),(2019,'Namibia','NAM','Sub-Saharan Africa',7.56,66),(2019,'Nepal','NPL','South Asia',7.12,84),(2019,'Netherlands','NLD','Western Europe',8.78,11),(2019,'New Zealand','NZL','Oceania',9.01,2),(2019,'Nicaragua','NIC','Latin America & the Caribbean',6.24,125),(2019,'Niger','NER','Sub-Saharan Africa',6.41,118),(2019,'Nigeria','NGA','Sub-Saharan Africa',6.28,123),(2019,'North Macedonia','MKD','Eastern Europe',7.75,58),(2019,'Norway','NOR','Western Europe',8.76,13),(2019,'Oman','OMN','Middle East & North Africa',5.92,133),(2019,'Pakistan','PAK','South Asia',5.63,145),(2019,'Panama','PAN','Latin America & the Caribbean',8.12,44),(2019,'Papua New Guinea','PNG','Oceania',7.17,82),(2019,'Paraguay','PRY','Latin America & the Caribbean',7.54,67),(2019,'Peru','PER','Latin America & the Caribbean',7.93,50),(2019,'Philippines','PHL','South Asia',6.83,101),(2019,'Poland','POL','Eastern Europe',7.96,49),(2019,'Portugal','PRT','Western Europe',8.69,18),(2019,'Qatar','QAT','Middle East & North Africa',6.15,128),(2019,'Romania','ROU','Eastern Europe',8.33,35),(2019,'Russian Federation','RUS','Eastern Europe',6.23,126),(2019,'Rwanda','RWA','Sub-Saharan Africa',6.36,120),(2019,'Saudi Arabia','SAU','Middle East & North Africa',5.12,155),(2019,'Senegal','SEN','Sub-Saharan Africa',7.07,87),(2019,'Serbia','SRB','Eastern Europe',7.54,67),(2019,'Seychelles','SYC','Sub-Saharan Africa',7.84,57),(2019,'Sierra Leone','SLE','Sub-Saharan Africa',6.7,111),(2019,'Singapore','SGP','South Asia',7.98,48),(2019,'Slovak Republic','SVK','Eastern Europe',8.21,39),(2019,'Slovenia','SVN','Eastern Europe',8.37,32),(2019,'Somalia','SOM','Sub-Saharan Africa',4.93,159),(2019,'South Africa','ZAF','Sub-Saharan Africa',7.3,77),(2019,'Spain','ESP','Western Europe',8.56,25),(2019,'Sri Lanka','LKA','South Asia',6.58,112),(2019,'Sudan','SDN','Sub-Saharan Africa',4.48,162),(2019,'Suriname','SUR','Latin America & the Caribbean',7.64,63),(2019,'Sweden','SWE','Western Europe',8.83,9),(2019,'Switzerland','CHE','Western Europe',9.11,1),(2019,'Syrian Arab Republic','SYR','Middle East & North Africa',3.66,165),(2019,'Taiwan','TWN','East Asia',8.68,19),(2019,'Tajikistan','TJK','Caucasus & Central Asia',5.52,153),(2019,'Tanzania','TZA','Sub-Saharan Africa',6.48,114),(2019,'Thailand','THA','South Asia',6.89,96),(2019,'Timor-Leste','TLS','South Asia',7.22,78),(2019,'Togo','TGO','Sub-Saharan Africa',6.5,113),(2019,'Trinidad and Tobago','TTO','Latin America & the Caribbean',7.7,60),(2019,'Tunisia','TUN','Middle East & North Africa',6.46,116),(2019,'Turkey','TUR','Middle East & North Africa',5.79,139),(2019,'Uganda','UGA','Sub-Saharan Africa',6.32,122),(2019,'Ukraine','UKR','Eastern Europe',6.86,98),(2019,'United Arab Emirates','ARE','Middle East & North Africa',6.06,131),(2019,'United Kingdom','GBR','Western Europe',8.75,14),(2019,'United States','USA','North America',8.73,15),(2019,'Uruguay','URY','Latin America & the Caribbean',8.36,33),(2019,'Venezuela','VEN','Latin America & the Caribbean',4.03,164),(2019,'Vietnam','VNM','South Asia',5.9,134),(2019,'Yemen','YEM','Middle East & North Africa',4.08,163),(2019,'Zambia','ZMB','Sub-Saharan Africa',6.82,102),(2019,'Zimbabwe','ZWE','Sub-Saharan Africa',5.6,149);
/*!40000 ALTER TABLE `freedom_index` ENABLE KEYS */;
UNLOCK TABLES;

--
-- Table structure for table `gdp`
--

DROP TABLE IF EXISTS `gdp`;
/*!40101 SET @saved_cs_client     = @@character_set_client */;
/*!50503 SET character_set_client = utf8mb4 */;
CREATE TABLE `gdp` (
  `entity` text,
  `code` text,
  `year` int DEFAULT NULL,
  `gdp_per_capita_ppp` double DEFAULT NULL
) ENGINE=InnoDB DEFAULT CHARSET=utf8mb4 COLLATE=utf8mb4_0900_ai_ci;
/*!40101 SET character_set_client = @saved_cs_client */;

--
-- Dumping data for table `gdp`
--

LOCK TABLES `gdp` WRITE;
/*!40000 ALTER TABLE `gdp` DISABLE KEYS */;
INSERT INTO `gdp` VALUES ('Afghanistan','AFG',2019,2079.92),('Albania','ALB',2019,13653.25),('Algeria','DZA',2019,11627.28),('Angola','AGO',2019,6602.27),('Antigua and Barbuda','ATG',2019,23638.69),('Argentina','ARG',2019,22071.75),('Armenia','ARM',2019,14317.55),('Aruba','ABW',2019,38511.34),('Australia','AUS',2019,49420.94),('Austria','AUT',2019,55769.68),('Azerbaijan','AZE',2019,14442.04),('Bahamas','BHS',2019,34325),('Bahrain','BHR',2019,49768.98),('Bangladesh','BGD',2019,5467.21),('Barbados','BRB',2019,16077.52),('Belarus','BLR',2019,19288.04),('Belgium','BEL',2019,51977.17),('Belize','BLZ',2019,8925.19),('Benin','BEN',2019,3156.44),('Bermuda','BMU',2019,81681.73),('Bhutan','BTN',2019,12530.17),('Bolivia','BOL',2019,8528.75),('Bosnia and Herzegovina','BIH',2019,14851.74),('Botswana','BWA',2019,15117.68),('Brazil','BRA',2019,14685.13),('Brunei','BRN',2019,61424.36),('Bulgaria','BGR',2019,23254.79),('Burkina Faso','BFA',2019,2106.04),('Burundi','BDI',2019,729.66),('Cambodia','KHM',2019,4464.29),('Cameroon','CMR',2019,3756.51),('Canada','CAN',2019,49169.12),('Cape Verde','CPV',2019,7743.48),('Cayman Islands','CYM',2019,72432.5),('Central African Republic','CAF',2019,861.77),('Chad','TCD',2019,1562),('Chile','CHL',2019,24809.86),('China','CHN',2019,15977.76),('Colombia','COL',2019,14616.14),('Comoros','COM',2019,3290.65),('Congo','COG',2019,4093.99),('Costa Rica','CRI',2019,20818.06),('Cote d\'Ivoire','CIV',2019,5132.34),('Croatia','HRV',2019,29412.42),('Curacao','CUW',2019,23903.62),('Cyprus','CYP',2019,41741.8),('Czechia','CZE',2019,40989.73),('Democratic Republic of Congo','COD',2019,1059.89),('Denmark','DNK',2019,56813.96),('Djibouti','DJI',2019,4768.11),('Dominica','DMA',2019,12395.42),('Dominican Republic','DOM',2019,18171.06),('East Asia and Pacific (WB)','',2019,17709.88),('East Timor','TLS',2019,3740.43),('Ecuador','ECU',2019,11390.22),('Egypt','EGY',2019,11780.96),('El Salvador','SLV',2019,9015.66),('Equatorial Guinea','GNQ',2019,16240.37),('Estonia','EST',2019,36153.43),('Eswatini','SWZ',2019,8501.27),('Ethiopia','ETH',2019,2181.66),('Europe and Central Asia (WB)','',2019,35332.42),('European Union (27)','',2019,44370.93),('Fiji','FJI',2019,13241.55),('Finland','FIN',2019,48583.43),('France','FRA',2019,45922.79),('Gabon','GAB',2019,14478),('Gambia','GMB',2019,2083.31),('Georgia','GEO',2019,14989.26),('Germany','DEU',2019,53884.38),('Ghana','GHA',2019,5345.94),('Greece','GRC',2019,29720.17),('Grenada','GRD',2019,15394.03),('Guatemala','GTM',2019,8673),('Guinea','GIN',2019,2545.14),('Guinea-Bissau','GNB',2019,1890.53),('Guyana','GUY',2019,12820.5),('Haiti','HTI',2019,3112.3),('High-income countries','',2019,49994.82),('Honduras','HND',2019,5613.66),('Hong Kong','HKG',2019,59592.04),('Hungary','HUN',2019,32645.66),('Iceland','ISL',2019,56615.3),('India','IND',2019,6617.13),('Indonesia','IDN',2019,11857.79),('Iran','IRN',2019,14084.35),('Iraq','IRQ',2019,10299.32),('Ireland','IRL',2019,86984.98),('Israel','ISR',2019,41151.01),('Italy','ITA',2019,42739.05),('Jamaica','JAM',2019,10244.37),('Japan','JPN',2019,41654.33),('Jordan','JOR',2019,9534.66),('Kazakhstan','KAZ',2019,26351.8),('Kenya','KEN',2019,4601.21),('Kiribati','KIR',2019,1963.53),('Kosovo','OWID_KOS',2019,11318.46),('Kuwait','KWT',2019,47314.8),('Kyrgyzstan','KGZ',2019,5258.37),('Laos','LAO',2019,7840.07),('Latin America and Caribbean (WB)','',2019,16178.05),('Latvia','LVA',2019,30438.45),('Lebanon','LBN',2019,17185.05),('Lesotho','LSO',2019,2435.29),('Liberia','LBR',2019,1455.64),('Libya','LBY',2019,22535.44),('Lithuania','LTU',2019,37198.88),('Low-income countries','',2019,1979.09),('Lower-middle-income countries','',2019,6852.39),('Luxembourg','LUX',2019,115209.6),('Macao','MAC',2019,122549.74),('Madagascar','MDG',2019,1585.47),('Malawi','MWI',2019,1517.7),('Malaysia','MYS',2019,27674.4),('Maldives','MDV',2019,20988.09),('Mali','MLI',2019,2219.05),('Malta','MLT',2019,46438.66),('Marshall Islands','MHL',2019,5719.19),('Mauritania','MRT',2019,5392.93),('Mauritius','MUS',2019,23676.41),('Mexico','MEX',2019,20553.96),('Micronesia (country)','FSM',2019,3540.84),('Middle East and North Africa (WB)','',2019,16331.92),('Middle-income countries','',2019,11539.14),('Moldova','MDA',2019,12776.92),('Mongolia','MNG',2019,12458.02),('Montenegro','MNE',2019,21534.09),('Morocco','MAR',2019,8217.6),('Mozambique','MOZ',2019,1290.17),('Myanmar','MMR',2019,5214.37),('Namibia','NAM',2019,10009.58),('Nauru','NRU',2019,10529.81),('Nepal','NPL',2019,3922.08),('Netherlands','NLD',2019,56784.04),('New Zealand','NZL',2019,43272.57),('Nicaragua','NIC',2019,5398.11),('Niger','NER',2019,1217.44),('Nigeria','NGA',2019,5076.37),('North America (WB)','',2019,61107.7),('North Macedonia','MKD',2019,16773.14),('Norway','NOR',2019,64983.36),('Oman','OMN',2019,33814.11),('Pakistan','PAK',2019,5157.55),('Palau','PLW',2019,17799.6),('Palestine','PSE',2019,6245.45),('Panama','PAN',2019,32788.33),('Papua New Guinea','PNG',2019,3947.93),('Paraguay','PRY',2019,13609.72),('Peru','PER',2019,12735.17),('Philippines','PHL',2019,8731.86),('Poland','POL',2019,33159.75),('Portugal','PRT',2019,34945.66),('Puerto Rico','PRI',2019,34792.65),('Qatar','QAT',2019,90762.4),('Romania','ROU',2019,30001.1),('Russia','RUS',2019,27254.57),('Rwanda','RWA',2019,2190.56),('Saint Kitts and Nevis','KNA',2019,31178.65),('Saint Lucia','LCA',2019,15460.8),('Saint Vincent and the Grenadines','VCT',2019,14183.19),('Samoa','WSM',2019,6346.26),('San Marino','SMR',2019,60076.01),('Sao Tome and Principe','STP',2019,3482.02),('Saudi Arabia','SAU',2019,47024.54),('Senegal','SEN',2019,3430.48),('Serbia','SRB',2019,18306.9),('Seychelles','SYC',2019,29189.78),('Sierra Leone','SLE',2019,1655.84),('Singapore','SGP',2019,98455.33),('Sint Maarten (Dutch part)','SXM',2019,43394.67),('Slovakia','SVK',2019,32056.78),('Slovenia','SVN',2019,39061.25),('Solomon Islands','SLB',2019,2616.91),('Somalia','SOM',2019,1546.91),('South Africa','ZAF',2019,13850.9),('South Asia (WB)','',2019,6294.59),('South Korea','KOR',2019,42758.59),('Spain','ESP',2019,40782.23),('Sri Lanka','LKA',2019,13639.02),('Sub-Saharan Africa (WB)','',2019,3833.97),('Sudan','SDN',2019,4133.13),('Suriname','SUR',2019,18448.98),('Sweden','SWE',2019,52850.57),('Switzerland','CHE',2019,69923.93),('Tajikistan','TJK',2019,3575.28),('Tanzania','TZA',2019,2578.84),('Thailand','THA',2019,17997.13),('Togo','TGO',2019,2063.76),('Tonga','TON',2019,6344.42),('Trinidad and Tobago','TTO',2019,25698.01),('Tunisia','TUN',2019,11113.8),('Turkey','TUR',2019,28476.68),('Turkmenistan','TKM',2019,14992.6),('Turks and Caicos Islands','TCA',2019,25933.51),('Tuvalu','TUV',2019,4831.74),('Uganda','UGA',2019,2250.02),('Ukraine','UKR',2019,12804.96),('United Arab Emirates','ARE',2019,71782.16),('United Kingdom','GBR',2019,46909.08),('United States','USA',2019,62470.93),('Upper-middle-income countries','',2019,16766.95),('Uruguay','URY',2019,23552.84),('Uzbekistan','UZB',2019,7403.74),('Vanuatu','VUT',2019,3070.4),('Vietnam','VNM',2019,10252),('World','OWID_WRL',2019,16877.47),('Zambia','ZMB',2019,3372.36),('Zimbabwe','ZWE',2019,2203.4);
/*!40000 ALTER TABLE `gdp` ENABLE KEYS */;
UNLOCK TABLES;

--
-- Table structure for table `happiness_score`
--

DROP TABLE IF EXISTS `happiness_score`;
/*!40101 SET @saved_cs_client     = @@character_set_client */;
/*!50503 SET character_set_client = utf8mb4 */;
CREATE TABLE `happiness_score` (
  `rank` int DEFAULT NULL,
  `country` text,
  `score` double DEFAULT NULL,
  `gdp` double DEFAULT NULL,
  `support` double DEFAULT NULL,
  `life_expectancy` double DEFAULT NULL,
  `freedom` double DEFAULT NULL,
  `generosity` double DEFAULT NULL,
  `corruption` double DEFAULT NULL
) ENGINE=InnoDB DEFAULT CHARSET=utf8mb4 COLLATE=utf8mb4_0900_ai_ci;
/*!40101 SET character_set_client = @saved_cs_client */;

--
-- Dumping data for table `happiness_score`
--

LOCK TABLES `happiness_score` WRITE;
/*!40000 ALTER TABLE `happiness_score` DISABLE KEYS */;
INSERT INTO `happiness_score` VALUES (1,'Finland',7.77,1.34,1.59,0.99,0.6,0.15,0.39),(2,'Denmark',7.6,1.38,1.57,1,0.59,0.25,0.41),(3,'Norway',7.55,1.49,1.58,1.03,0.6,0.27,0.34),(4,'Iceland',7.49,1.38,1.62,1.03,0.59,0.35,0.12),(5,'Netherlands',7.49,1.4,1.52,1,0.56,0.32,0.3),(6,'Switzerland',7.48,1.45,1.53,1.05,0.57,0.26,0.34),(7,'Sweden',7.34,1.39,1.49,1.01,0.57,0.27,0.37),(8,'New Zealand',7.31,1.3,1.56,1.03,0.58,0.33,0.38),(9,'Canada',7.28,1.36,1.5,1.04,0.58,0.28,0.31),(10,'Austria',7.25,1.38,1.48,1.02,0.53,0.24,0.23),(11,'Australia',7.23,1.37,1.55,1.04,0.56,0.33,0.29),(12,'Costa Rica',7.17,1.03,1.44,0.96,0.56,0.14,0.09),(13,'Israel',7.14,1.28,1.46,1.03,0.37,0.26,0.08),(14,'Luxembourg',7.09,1.61,1.48,1.01,0.53,0.19,0.32),(15,'United Kingdom',7.05,1.33,1.54,1,0.45,0.35,0.28),(16,'Ireland',7.02,1.5,1.55,1,0.52,0.3,0.31),(17,'Germany',6.98,1.37,1.45,0.99,0.5,0.26,0.26),(18,'Belgium',6.92,1.36,1.5,0.99,0.47,0.16,0.21),(19,'United States',6.89,1.43,1.46,0.87,0.45,0.28,0.13),(20,'Czech Republic',6.85,1.27,1.49,0.92,0.46,0.05,0.04),(21,'United Arab Emirates',6.82,1.5,1.31,0.82,0.6,0.26,0.18),(22,'Malta',6.73,1.3,1.52,1,0.56,0.38,0.15),(23,'Mexico',6.6,1.07,1.32,0.86,0.43,0.07,0.07),(24,'France',6.59,1.32,1.47,1.04,0.44,0.11,0.18),(25,'Taiwan',6.45,1.37,1.43,0.91,0.35,0.24,0.1),(26,'Chile',6.44,1.16,1.37,0.92,0.36,0.19,0.06),(27,'Guatemala',6.44,0.8,1.27,0.75,0.54,0.18,0.08),(28,'Saudi Arabia',6.38,1.4,1.36,0.8,0.44,0.08,0.13),(29,'Qatar',6.37,1.68,1.31,0.87,0.56,0.22,0.17),(30,'Spain',6.35,1.29,1.48,1.06,0.36,0.15,0.08),(31,'Panama',6.32,1.15,1.44,0.91,0.52,0.11,0.05),(32,'Brazil',6.3,1,1.44,0.8,0.39,0.1,0.09),(33,'Uruguay',6.29,1.12,1.46,0.89,0.52,0.13,0.15),(34,'Singapore',6.26,1.57,1.46,1.14,0.56,0.27,0.45),(35,'El Salvador',6.25,0.79,1.24,0.79,0.43,0.09,0.07),(36,'Italy',6.22,1.29,1.49,1.04,0.23,0.16,0.03),(37,'Bahrain',6.2,1.36,1.37,0.87,0.54,0.26,0.11),(38,'Slovakia',6.2,1.25,1.5,0.88,0.33,0.12,0.01),(39,'Trinidad & Tobago',6.19,1.23,1.48,0.71,0.49,0.18,0.02),(40,'Poland',6.18,1.21,1.44,0.88,0.48,0.12,0.05),(41,'Uzbekistan',6.17,0.74,1.53,0.76,0.63,0.32,0.24),(42,'Lithuania',6.15,1.24,1.52,0.82,0.29,0.04,0.04),(43,'Colombia',6.12,0.98,1.41,0.84,0.47,0.1,0.03),(44,'Slovenia',6.12,1.26,1.52,0.95,0.56,0.14,0.06),(45,'Nicaragua',6.1,0.69,1.32,0.84,0.44,0.2,0.13),(46,'Kosovo',6.1,0.88,1.23,0.76,0.49,0.26,0.01),(47,'Argentina',6.09,1.09,1.43,0.88,0.47,0.07,0.05),(48,'Romania',6.07,1.16,1.23,0.82,0.46,0.08,0),(49,'Cyprus',6.05,1.26,1.22,1.04,0.41,0.19,0.04),(50,'Ecuador',6.03,0.91,1.31,0.87,0.5,0.13,0.09),(51,'Kuwait',6.02,1.5,1.32,0.81,0.49,0.14,0.1),(52,'Thailand',6.01,1.05,1.41,0.83,0.56,0.36,0.03),(53,'Latvia',5.94,1.19,1.46,0.81,0.26,0.08,0.06),(54,'South Korea',5.9,1.3,1.22,1.04,0.16,0.18,0.06),(55,'Estonia',5.89,1.24,1.53,0.87,0.5,0.1,0.16),(56,'Jamaica',5.89,0.83,1.48,0.83,0.49,0.11,0.03),(57,'Mauritius',5.89,1.12,1.4,0.8,0.5,0.22,0.06),(58,'Japan',5.89,1.33,1.42,1.09,0.44,0.07,0.14),(59,'Honduras',5.86,0.64,1.24,0.83,0.51,0.25,0.08),(60,'Kazakhstan',5.81,1.17,1.51,0.73,0.41,0.15,0.1),(61,'Bolivia',5.78,0.78,1.21,0.71,0.51,0.14,0.06),(62,'Hungary',5.76,1.2,1.41,0.83,0.2,0.08,0.02),(63,'Paraguay',5.74,0.86,1.48,0.78,0.51,0.18,0.08),(64,'Northern Cyprus',5.72,1.26,1.25,1.04,0.42,0.19,0.16),(65,'Peru',5.7,0.96,1.27,0.85,0.46,0.08,0.03),(66,'Portugal',5.69,1.22,1.43,1,0.51,0.05,0.02),(67,'Pakistan',5.65,0.68,0.89,0.54,0.31,0.22,0.1),(68,'Russia',5.65,1.18,1.45,0.73,0.33,0.08,0.03),(69,'Philippines',5.63,0.81,1.29,0.66,0.56,0.12,0.11),(70,'Serbia',5.6,1,1.38,0.85,0.28,0.14,0.04),(71,'Moldova',5.53,0.68,1.33,0.74,0.24,0.18,0),(72,'Libya',5.52,1.04,1.3,0.67,0.42,0.13,0.15),(73,'Montenegro',5.52,1.05,1.36,0.87,0.2,0.14,0.08),(74,'Tajikistan',5.47,0.49,1.1,0.72,0.39,0.23,0.14),(75,'Croatia',5.43,1.16,1.27,0.91,0.3,0.12,0.02),(76,'Hong Kong',5.43,1.44,1.28,1.12,0.44,0.26,0.29),(77,'Dominican Republic',5.42,1.01,1.4,0.78,0.5,0.11,0.1),(78,'Bosnia and Herzegovina',5.39,0.94,1.21,0.84,0.21,0.26,0.01),(79,'Turkey',5.37,1.18,1.36,0.81,0.2,0.08,0.11),(80,'Malaysia',5.34,1.22,1.17,0.83,0.51,0.26,0.02),(81,'Belarus',5.32,1.07,1.46,0.79,0.24,0.09,0.14),(82,'Greece',5.29,1.18,1.16,1,0.07,0,0.03),(83,'Mongolia',5.28,0.95,1.53,0.67,0.32,0.24,0.04),(84,'North Macedonia',5.27,0.98,1.29,0.84,0.34,0.18,0.03),(85,'Nigeria',5.26,0.7,1.11,0.24,0.43,0.22,0.04),(86,'Kyrgyzstan',5.26,0.55,1.44,0.72,0.51,0.3,0.02),(87,'Turkmenistan',5.25,1.05,1.54,0.66,0.39,0.24,0.03),(88,'Algeria',5.21,1,1.16,0.78,0.09,0.07,0.11),(89,'Morocco',5.21,0.8,0.78,0.78,0.42,0.04,0.08),(90,'Azerbaijan',5.21,1.04,1.15,0.77,0.35,0.04,0.18),(91,'Lebanon',5.2,0.99,1.22,0.82,0.22,0.17,0.03),(92,'Indonesia',5.19,0.93,1.2,0.66,0.49,0.5,0.03),(93,'China',5.19,1.03,1.12,0.89,0.52,0.06,0.1),(94,'Vietnam',5.18,0.74,1.35,0.85,0.54,0.15,0.07),(95,'Bhutan',5.08,0.81,1.32,0.6,0.46,0.37,0.17),(96,'Cameroon',5.04,0.55,0.91,0.33,0.38,0.19,0.04),(97,'Bulgaria',5.01,1.09,1.51,0.82,0.31,0.08,0),(98,'Ghana',5,0.61,0.87,0.49,0.38,0.24,0.04),(99,'Ivory Coast',4.94,0.57,0.81,0.23,0.35,0.15,0.09),(100,'Nepal',4.91,0.45,1.23,0.68,0.44,0.28,0.09),(101,'Jordan',4.91,0.84,1.23,0.82,0.38,0.11,0.13),(102,'Benin',4.88,0.39,0.44,0.4,0.35,0.18,0.08),(103,'Congo (Brazzaville)',4.81,0.67,0.8,0.51,0.37,0.1,0.09),(104,'Gabon',4.8,1.06,1.18,0.57,0.3,0.04,0.06),(105,'Laos',4.8,0.76,1.03,0.55,0.55,0.27,0.16),(106,'South Africa',4.72,0.96,1.35,0.47,0.39,0.13,0.06),(107,'Albania',4.72,0.95,0.85,0.87,0.38,0.18,0.03),(108,'Venezuela',4.71,0.96,1.43,0.8,0.15,0.06,0.05),(109,'Cambodia',4.7,0.57,1.12,0.64,0.61,0.23,0.06),(110,'Palestinian Territories',4.7,0.66,1.25,0.67,0.22,0.1,0.07),(111,'Senegal',4.68,0.45,1.13,0.57,0.29,0.15,0.07),(112,'Somalia',4.67,0,0.7,0.27,0.56,0.24,0.27),(113,'Namibia',4.64,0.88,1.31,0.48,0.4,0.07,0.06),(114,'Niger',4.63,0.14,0.77,0.37,0.32,0.19,0.1),(115,'Burkina Faso',4.59,0.33,1.06,0.38,0.26,0.18,0.11),(116,'Armenia',4.56,0.85,1.06,0.82,0.28,0.1,0.06),(117,'Iran',4.55,1.1,0.84,0.78,0.3,0.27,0.12),(118,'Guinea',4.53,0.38,0.83,0.38,0.33,0.21,0.09),(119,'Georgia',4.52,0.89,0.67,0.75,0.35,0.04,0.16),(120,'Gambia',4.52,0.31,0.94,0.43,0.38,0.27,0.17),(121,'Kenya',4.51,0.51,0.98,0.58,0.43,0.37,0.05),(122,'Mauritania',4.49,0.57,1.17,0.49,0.07,0.11,0.09),(123,'Mozambique',4.47,0.2,0.99,0.39,0.49,0.2,0.14),(124,'Tunisia',4.46,0.92,1,0.82,0.17,0.06,0.06),(125,'Bangladesh',4.46,0.56,0.93,0.72,0.53,0.17,0.14),(126,'Iraq',4.44,1.04,0.98,0.57,0.24,0.15,0.09),(127,'Congo (Kinshasa)',4.42,0.09,1.12,0.36,0.27,0.21,0.05),(128,'Mali',4.39,0.38,1.1,0.31,0.33,0.15,0.05),(129,'Sierra Leone',4.37,0.27,0.84,0.24,0.31,0.25,0.04),(130,'Sri Lanka',4.37,0.95,1.26,0.83,0.47,0.24,0.05),(131,'Myanmar',4.36,0.71,1.18,0.56,0.52,0.57,0.17),(132,'Chad',4.35,0.35,0.77,0.19,0.17,0.2,0.08),(133,'Ukraine',4.33,0.82,1.39,0.74,0.18,0.19,0.01),(134,'Ethiopia',4.29,0.34,1.03,0.53,0.34,0.21,0.1),(135,'Swaziland',4.21,0.81,1.15,0,0.31,0.07,0.14),(136,'Uganda',4.19,0.33,1.07,0.44,0.36,0.25,0.06),(137,'Egypt',4.17,0.91,1.04,0.64,0.24,0.08,0.07),(138,'Zambia',4.11,0.58,1.06,0.43,0.43,0.25,0.09),(139,'Togo',4.08,0.28,0.57,0.41,0.29,0.18,0.08),(140,'India',4.01,0.76,0.76,0.59,0.5,0.2,0.08),(141,'Liberia',3.98,0.07,0.92,0.44,0.37,0.23,0.03),(142,'Comoros',3.97,0.27,0.76,0.5,0.14,0.28,0.08),(143,'Madagascar',3.93,0.27,0.92,0.56,0.15,0.17,0.04),(144,'Lesotho',3.8,0.49,1.17,0.17,0.36,0.11,0.09),(145,'Burundi',3.78,0.05,0.45,0.38,0.22,0.18,0.18),(146,'Zimbabwe',3.66,0.37,1.11,0.43,0.36,0.15,0.09),(147,'Haiti',3.6,0.32,0.69,0.45,0.03,0.42,0.11),(148,'Botswana',3.49,1.04,1.14,0.54,0.46,0.02,0.1),(149,'Syria',3.46,0.62,0.38,0.44,0.01,0.33,0.14),(150,'Malawi',3.41,0.19,0.56,0.5,0.44,0.22,0.09),(151,'Yemen',3.38,0.29,1.16,0.46,0.14,0.11,0.08),(152,'Rwanda',3.33,0.36,0.71,0.61,0.56,0.22,0.41),(153,'Tanzania',3.23,0.48,0.88,0.5,0.42,0.28,0.15),(154,'Afghanistan',3.2,0.35,0.52,0.36,0,0.16,0.02),(155,'Central African Republic',3.08,0.03,0,0.1,0.22,0.24,0.04),(156,'South Sudan',2.85,0.31,0.57,0.3,0.01,0.2,0.09);
/*!40000 ALTER TABLE `happiness_score` ENABLE KEYS */;
UNLOCK TABLES;

--
-- Table structure for table `life_expectancy`
--

DROP TABLE IF EXISTS `life_expectancy`;
/*!40101 SET @saved_cs_client     = @@character_set_client */;
/*!50503 SET character_set_client = utf8mb4 */;
CREATE TABLE `life_expectancy` (
  `id` bigint unsigned NOT NULL AUTO_INCREMENT,
  `CNT` char(255) NOT NULL,
  `Year` bigint NOT NULL,
  `Life_Expectance_at_Birth` double NOT NULL,
  `Healthy_Life_Expectancy_at_Birth` double NOT NULL,
  PRIMARY KEY (`id`),
  UNIQUE KEY `Country` (`CNT`)
) ENGINE=InnoDB AUTO_INCREMENT=184 DEFAULT CHARSET=utf8mb4 COLLATE=utf8mb4_0900_ai_ci;
/*!40101 SET character_set_client = @saved_cs_client */;

--
-- Dumping data for table `life_expectancy`
--

LOCK TABLES `life_expectancy` WRITE;
/*!40000 ALTER TABLE `life_expectancy` DISABLE KEYS */;
INSERT INTO `life_expectancy` VALUES (1,'Japan',2019,84.3,74.1),(2,'Switzerland',2019,83.4,72.5),(3,'Republic of Korea',2019,83.3,73.1),(4,'Singapore',2019,83.2,73.6),(5,'Spain',2019,83.2,72.1),(6,'Cyprus',2019,83.1,72.4),(7,'Italy',2019,83,71.9),(8,'Australia',2019,83,70.9),(9,'Israel',2019,82.6,72.4),(10,'Norway',2019,82.6,71.4),(11,'France',2019,82.5,72.1),(12,'Luxembourg',2019,82.4,71.6),(13,'Sweden',2019,82.4,71.9),(14,'Iceland',2019,82.3,72),(15,'Canada',2019,82.2,71.3),(16,'New Zealand',2019,82,70.2),(17,'Malta',2019,81.9,71.5),(18,'Ireland',2019,81.8,71.1),(19,'Netherlands (Kingdom of the)',2019,81.8,71.4),(20,'Germany',2019,81.7,70.9),(21,'Austria',2019,81.6,70.9),(22,'Finland',2019,81.6,71),(23,'Portugal',2019,81.6,71),(24,'United Kingdom of Great Britain and Northern Ireland',2019,81.4,70.1),(25,'Belgium',2019,81.4,70.6),(26,'Slovenia',2019,81.3,70.7),(27,'Denmark',2019,81.3,71),(28,'Greece',2019,81.1,70.9),(29,'Kuwait',2019,81,70.1),(30,'Costa Rica',2019,80.8,70),(31,'Chile',2019,80.7,70),(32,'Peru',2019,79.9,69.5),(33,'Maldives',2019,79.6,70),(34,'Panama',2019,79.3,68.7),(35,'Colombia',2019,79.3,69),(36,'Czechia',2019,79.1,68.8),(37,'Estonia',2019,78.9,69.2),(38,'Croatia',2019,78.6,68.6),(39,'Turkiye',2019,78.6,68.4),(40,'United States of America',2019,78.5,66.1),(41,'Ecuador',2019,78.4,68.5),(42,'Poland',2019,78.3,68.7),(43,'Slovakia',2019,78.2,68.5),(44,'Albania',2019,78,69.1),(45,'Jordan',2019,77.9,67.6),(46,'Cuba',2019,77.8,67.8),(47,'Thailand',2019,77.7,68.3),(48,'China',2019,77.4,68.5),(49,'Iran (Islamic Republic of)',2019,77.3,66.3),(50,'Qatar',2019,77.2,67.1),(51,'Algeria',2019,77.1,66.4),(52,'Uruguay',2019,77.1,67.5),(53,'Tunisia',2019,77,66.9),(54,'Sri Lanka',2019,76.9,67),(55,'Bosnia and Herzegovina',2019,76.8,67.2),(56,'Argentina',2019,76.6,67.1),(57,'Antigua and Barbuda',2019,76.5,67),(58,'Hungary',2019,76.4,67.2),(59,'Lebanon',2019,76.4,66),(60,'United Arab Emirates',2019,76.1,66),(61,'Trinidad and Tobago',2019,76.1,66.2),(62,'Jamaica',2019,76,66.6),(63,'Lithuania',2019,76,66.7),(64,'Barbados',2019,76,67),(65,'Mexico',2019,76,65.8),(66,'Armenia',2019,76,67.1),(67,'Serbia',2019,75.9,66.9),(68,'Brazil',2019,75.9,65.4),(69,'Montenegro',2019,75.9,67),(70,'Bahrain',2019,75.8,65.9),(71,'Paraguay',2019,75.8,65.8),(72,'Libya',2019,75.8,65.2),(73,'Romania',2019,75.6,66.8),(74,'Latvia',2019,75.4,66.2),(75,'Bulgaria',2019,75.1,66.3),(76,'El Salvador',2019,75,64.9),(77,'Nicaragua',2019,75,65.5),(78,'North Macedonia',2019,74.8,66.1),(79,'Belarus',2019,74.8,66),(80,'Malaysia',2019,74.7,65.7),(81,'Belize',2019,74.4,65.3),(82,'Saint Lucia',2019,74.3,64.7),(83,'Saudi Arabia',2019,74.3,64),(84,'Brunei Darussalam',2019,74.3,65.6),(85,'Bangladesh',2019,74.3,64.3),(86,'Kyrgyzstan',2019,74.2,65.8),(87,'Mauritius',2019,74.1,63.9),(88,'Cabo Verde',2019,74,64.8),(89,'Kazakhstan',2019,74,65),(90,'Oman',2019,73.9,64.7),(91,'Venezuela (Bolivarian Republic of)',2019,73.9,64.4),(92,'Viet Nam',2019,73.7,65.3),(93,'Georgia',2019,73.3,64.7),(94,'Republic of Moldova',2019,73.3,64.5),(95,'Seychelles',2019,73.3,64),(96,'Russian Federation',2019,73.2,64.2),(97,'Bahamas',2019,73.2,64.4),(98,'Saint Vincent and the Grenadines',2019,73.2,64),(99,'Bhutan',2019,73.1,63.4),(100,'Morocco',2019,73,63.7),(101,'Ukraine',2019,73,64.3),(102,'Uzbekistan',2019,73,64.7),(103,'Grenada',2019,72.9,63.9),(104,'Dominican Republic',2019,72.8,64),(105,'Syrian Arab Republic',2019,72.7,62.9),(106,'Democratic People\'s Republic of Korea',2019,72.6,65),(107,'Tonga',2019,72.6,64),(108,'Iraq',2019,72.4,62.7),(109,'Bolivia (Plurinational State of)',2019,72.1,63.3),(110,'Guatemala',2019,72,62.3),(111,'Honduras',2019,71.9,63),(112,'Egypt',2019,71.8,63),(113,'Suriname',2019,71.5,62.4),(114,'Azerbaijan',2019,71.4,63.6),(115,'Indonesia',2019,71.3,62.8),(116,'Nepal',2019,70.9,61.3),(117,'India',2019,70.8,60.3),(118,'Samoa',2019,70.5,62.1),(119,'Sao Tome and Principe',2019,70.4,61.6),(120,'Philippines',2019,70.4,62),(121,'Cambodia',2019,70.1,61.5),(122,'Turkmenistan',2019,69.7,62.1),(123,'Timor-Leste',2019,69.6,60.9),(124,'Tajikistan',2019,69.5,62),(125,'Rwanda',2019,69.1,60.2),(126,'Myanmar',2019,69.1,60.9),(127,'Sudan',2019,69.1,59.9),(128,'Ethiopia',2019,68.7,59.9),(129,'Senegal',2019,68.6,59.4),(130,'Lao People\'s Democratic Republic',2019,68.5,60.5),(131,'Mauritania',2019,68.4,59.8),(132,'Mongolia',2019,68.1,60.3),(133,'Fiji',2019,68,59.6),(134,'Comoros',2019,67.4,58.9),(135,'United Republic of Tanzania',2019,67.3,58.5),(136,'Uganda',2019,66.7,58.2),(137,'Yemen',2019,66.6,57.5),(138,'Gabon',2019,66.5,57.6),(139,'Ghana',2019,66.3,58),(140,'Kenya',2019,66.1,57.7),(141,'Djibouti',2019,65.8,58),(142,'Guyana',2019,65.7,57.2),(143,'Malawi',2019,65.6,57.1),(144,'Pakistan',2019,65.6,56.9),(145,'Gambia',2019,65.5,57),(146,'South Africa',2019,65.3,56.2),(147,'Madagascar',2019,65.3,57.3),(148,'Papua New Guinea',2019,65.3,57.1),(149,'Vanuatu',2019,65.3,57.8),(150,'Solomon Islands',2019,65.2,57.8),(151,'Congo',2019,64.7,56.2),(152,'Namibia',2019,64.6,56.1),(153,'Togo',2019,64.3,56.2),(154,'Liberia',2019,64.1,54.9),(155,'Eritrea',2019,64.1,55.7),(156,'Haiti',2019,64.1,55.8),(157,'Burundi',2019,63.8,55.6),(158,'Benin',2019,63.4,55.5),(159,'Niger',2019,63.3,55.5),(160,'Afghanistan',2019,63.2,53.9),(161,'Angola',2019,63.1,54.8),(162,'Micronesia (Federated States of)',2019,63,56),(163,'Cote d\'Ivoire',2019,62.9,54.8),(164,'South Sudan',2019,62.8,53.7),(165,'Mali',2019,62.8,54.6),(166,'Burkina Faso',2019,62.7,54.9),(167,'Nigeria',2019,62.6,54.4),(168,'Zambia',2019,62.5,54.4),(169,'Cameroon',2019,62.4,54.5),(170,'Democratic Republic of the Congo',2019,62.4,54.1),(171,'Botswana',2019,62.2,53.9),(172,'Equatorial Guinea',2019,62.2,53.9),(173,'Guinea',2019,61,53.3),(174,'Sierra Leone',2019,60.8,52.9),(175,'Zimbabwe',2019,60.7,53.1),(176,'Guinea-Bissau',2019,60.2,52.6),(177,'Chad',2019,59.6,52),(178,'Kiribati',2019,59.4,52.6),(179,'Mozambique',2019,58.1,50.4),(180,'Eswatini',2019,57.7,50.1),(181,'Somalia',2019,56.5,49.7),(182,'Central African Republic',2019,53.1,46.4),(183,'Lesotho',2019,50.7,44.2);
/*!40000 ALTER TABLE `life_expectancy` ENABLE KEYS */;
UNLOCK TABLES;
/*!40103 SET TIME_ZONE=@OLD_TIME_ZONE */;

/*!40101 SET SQL_MODE=@OLD_SQL_MODE */;
/*!40014 SET FOREIGN_KEY_CHECKS=@OLD_FOREIGN_KEY_CHECKS */;
/*!40014 SET UNIQUE_CHECKS=@OLD_UNIQUE_CHECKS */;
/*!40101 SET CHARACTER_SET_CLIENT=@OLD_CHARACTER_SET_CLIENT */;
/*!40101 SET CHARACTER_SET_RESULTS=@OLD_CHARACTER_SET_RESULTS */;
/*!40101 SET COLLATION_CONNECTION=@OLD_COLLATION_CONNECTION */;
/*!40111 SET SQL_NOTES=@OLD_SQL_NOTES */;

-- Dump completed on 2024-11-14 15:45:01
